{
    "不动产": {
        "不动产抵押最高债权数额": 0.9303925278750691,
        "不动产抵押方式": 0.928113298380702,
        "不动产抵押登记日期": 0.9262225208168087,
        "不动产首付款": 0.9220535429953761,
        "不动产权利表名": 0.9213504602683482
    }
}