{
    "序号": {
        "搜案编号": 0.9438004835446208,
        "科目序号": 0.9417997340806668,
        "荣誉序号": 0.9130015519830554,
        "考试科目序号": 0.8974559578891126,
        "量刑序号": 0.8913743500308591,
        "从业分类代码": 0.883492536767309,
        "数据来源单位名称": 0.8827808632581714,
        "归侨证编号": 0.8814964891777627
    }
}