{
    "建筑年份": {
        "建筑年份": 1.0,
        "建成日期": 0.8657319431287763,
        "房屋结构": 0.8471961443409519,
        "房屋户号": 0.8462925150740868,
        "房屋建筑面积": 0.8403007325643916
    }
}