{
    "权利人序号": {
        "权利人序号": 0.9407227313258409,
        "是否主产权人": 0.9257867163362115,
        "不动产权利人类型": 0.9181682411702913,
        "抵押人名称": 0.9176499805939493,
        "完成人公民身份号码": 0.9101647672463329
    }
}