{
    "身份证": {
        "户主证件号码": 0.9493286135868697,
        "男方身份证件类型": 0.9454443399339698,
        "女方身份证件类型": 0.9447108103489574,
        "配偶证件号码": 0.9414522832851435,
        "子女身份证件类型": 0.9406068030110255
    }
}