{
    "车外廓高": {
        "机动车外廓高": 0.9107776344061803,
        "在华是否有住所": 0.8994075800447486,
        "机动车最大允许载质量": 0.8976904579741576,
        "外廓尺寸高": 0.8962216062072064,
        "机动车准牵引总质量": 0.8908046638327023
    }
}